text,sentiment
We went to Marmaris with my wife for a holiday. We chose this restaurant as a place for dinner based on the reviews and because we wanted juicy food. When we first went there was a serious queue. You proceed by taking the food you want in the form of an open buffet. Both vegetable dishes and meat dishes were plentiful. There was also dessert for those who wanted it. After you get what you want you pay at the cashier. They don't go through cards they work in cash. There was a lot of food variety. And the food prices were unbelievably cheap. We paid only 84 TL for all the meals here. It included buttermilk and bread. But unfortunately I can't say it's too clean as a place..,positive
During my holiday in Marmaris we ate here to fit the food. It's really good that the food is cheap and nice. Eating as much bread as you want is a big plus for those who are not satisfied without bread. It is a place that I can recommend to those who will go to Marmaris. On July 1 there was a small increase but even the price hike is cheap. I leave the photo of the latest prices and breakfast below. there was a serious queue. You proceed by taking the food you want in the form of an open buffet. Both vegetable dishes and meat dishes were plentiful. There was also dessert for those who wanted it. After you get what you want you pay at the cashier. They don't go through cards they work in cash. There was a lot of food variety. And the food prices were unbelievably cheap. We paid only 84 TL for all the meals here. It included buttermilk and bread. But unfortunately I can't say it's too clean as a place..,positive
Turkey's cheapest artisan restaurant and its food is delicious!,positive
Generally good.,positive
What you see is 125 TL in total. It's a pretty convenient place. We can say that it is an artisan restaurant; you should not expect a restaurant; but they are still quite good in terms of price and performance. As of July 1; prices will increase,positive
Delicious food at rock bottom prices. Friendly staff; Highly recommend,positive
"Every time I go, I still experience the amazement I experienced years ago as if it were the first time. There is no need to explain. Folk hero is a business.",positive
The most f/p of all businesses I've seen.,positive
The food was just like the ones my mother made. Prices were reasonable.,positive
The ambiance of the place is nice; when we went; there was a lot of queue; and after waiting for a while; they took our place. The friend who took our order said half a half pizza and we preferred half chicken and half steak. Two people were easily satisfied; a lot of patterns.,positive
"Flavor : It has nothing but dough taste. Labor : Not befitting a touristic place. Service : There was no wet wipes and napkins on the table, but there was no sympathetic family to say. This service and this taste were not available at this price.",negative
It is in the center; easy to reach; close to the parking lot; the prices are partially affordable; the products are delicious but not quite satisfying; the seating places are cramped; the place is a little flat.,positive
They make delicious pizza with nice ingredients on thin dough. Slice pizza and all pizza options are available. You can try two different flavors as a whole by making two different choices for the whole pizza. We wanted the mushroom and sausage. It was very nice; warm; and it was cooked in its consistency without drying the ingredients.,positive
I strongly recommend. If I come to the taste part; it was very enjoyable to eat with their special sauces. Also the whole pizza was huge.,positive
It is very tasty; similar to Italian pizzas. Roast beef and mohair 180 TL; other pizzas 150 TL. An adult male eats 6 slices; pizzas are one size and 8 slices.,positive
Do not come around Marmaris and do not leave without eating pizza at Pizza Fellas. We ate mixed pizza; they can make two types of pizza. So delicious!,positive
I never thought that the best pizza I've ever eaten would be in Akyaka. Thin pizzas are very tasty and the options are very good. We recommend it to everyone who comes to Akyaka.,positive
It was as if a very delicious Italian chef had come out of his hands. You can eat with pleasure. The owners are very good people. I recommend.,positive
The pizza is big enough for 2 people. The dough is very thin. Price is between 120-140 TL.,positive
The environment; the interest and friendliness of the employees; the taste is incredible. It is so beautiful inside that you do not prefer to sit at the bottom of the sea. Depending on the day; there are also things that are not written on the menu; be sure to check it out. Hours have passed since the meal; we are still talking about the beef brisket.,positive
Without any taste how they are at the first rank!!!! We ate cafe Inn pizza. It was 70 tl.,negative
Pizza is delicious.. I can say it is one of the rare tastes. Prices are in the 200-300 range and one pizza is more than enough for two people if you are not very hungry. The scenery is already gorgeous.,positive
The vegan breakfast made me extremely happy. It was nice.,positive
Whatever we ate was good. The Italian Restaurant is the first thing that comes to mind; apart from pizza and pasta; ciger yahni was successful; purslane salad; presentations are successful. Taste point in Datca.,positive
Very enjoyable beautiful place. Pizza salad food taste is great.,positive
Its breakfast is more satisfying than the places around it.,positive
Nice intimate restaurant. Good service. Eye for detail. Clean. Really good food; well presented.,positive
It's a very delicious; beautiful small business; but the appointment is a bit difficult to find; the pizzas are great Cafe Inn pizza and a wonderful 4 cheese and brownie as dessert. Thank you for your good wishes.,positive
When I went; I waited for almost 20 minutes for the waiters to take care of me. The taste was not bad. The surrounding was beautiful.,negative
I had the creamy chicken vegetable stew. It tasted excellent. It was quite satisfying. The environment is beautiful and spacious.,positive
quality service and rich menu. the attitude of the staff is really excellent. A business that deserves 5 stars.,positive
The sushi was too small so it was not possible to taste the ingredients; the rice was overcooked and lacked flavor; it was missing except for the tail of the shrimp.,negative
The staff was very engaged. Service and taste were perfect.,positive
Perfect location next to the sea. Music; light in the evening lounge atmosphere. In short; everything is beautiful.,positive
"It was very expensive, but taste wasn't bad.",negative
Good quality service; nice customer service; they are happy to help with a smile.,positive
Scrambled eggs with casserole and toast waited 30 minutes. At 12:30pm the main menu was denied and showed only breakfast available. Prices are much higher than other places.,negative
Nice food and good service; located just near the beach as well.,positive
It was very nice to be greeted with a smile when we first entered; we went with my wife; the services are very fast; the empty services are removed immediately; the washbasins were hygienic and clean; and I would recommend a very reasonable place.,positive
Kebabs are good; trotters are good; desserts are good. Actually; the decor part of the atmosphere is good. Only a lot of noise comes from the kitchen part. Employees are smiling.,positive
If you come to Antep; sit down and taste the Beyran soup; served plain and with garlic.,positive
I asked for garlic; but I had a hard time getting the taste of the meat from the garlic flavor. I'll try again with little or no garlic. Quite satisfying. I like the taste too; you should definitely try it.,positive
Taste was amazing! Price was not high.,positive
When I ate it in the past; it tasted very good; I think the chef has changed. The atmosphere was average.,negative
We were very satisfied. I strongly recommend trying it. Delicious appetizers come with the meals.,positive
We ate 1 mumbar and 1 kusleme and paid 310 TL. The meals were very tasty.,positive
Very cheap and delicious!,positive
Ayran came when the meal was over; the food was very bitter.,positive
Although the prices are a little high; the quality is high so it does not disappoint. The taste was very good; well done!,positive
We ordered Etli Ali Nazik Kebab. They said he was the most famous. We ate meat with yogurt. The food was cold.,negative
We came because it is a very famous place. They had really delicious food.,positive
The taste was very good but the prices were also very high.,positive
Located in Gaziantep historical bazaar; the place stands out with its beautiful and spacious ambiance. I liked the place very much; we came for dessert after dinner.,positive
I had the chance to taste many flavors; all of them were very good; I was amazed by Ali Nazik Kebab.,positive
The restaurant that made our four-day Gaziantep holiday poison! There is already excessive noise; it is impossible to hear the person next to you. The waiters are indifferent; the order takes too long to arrive.,negative
"They sold us rotten pistachios, it sucks!",negative
I don't know why we ate here despite the exorbitant prices. A portion of kebab or sis meat product starts from 220 TL as of the end of June 2023. Naturally; you expect a good portion; but a tiny portion in the middle of the plate.,negative
"A great business that does not compromise on its taste; lahmacun, garlic kebab; yoghurt kebab; the smile of the waiters; everything is in place; thank you very much for the nice service and delicious food.",positive
The breakfast was very good; I recommend it; the presentations were also eye-catching. We paid 240tl for the table you see in the photo; including 6 teas and 2 Turkish coffees.,positive
The place is beautiful. The staff was very nice. We asked for tiramisu. It was very fresh and beautiful.,positive
Beautiful place. The breakfast is said to be good. I had tea in the evening; it was delicious. It tastes like a samovar. The environment is calm. The music is jazz style; suitable for the calm and soft atmosphere.,positive
Hookah and ambiance is super!,positive
Some of the coffee I wanted came spilled; the coffee tasted dry. Also; my wife's order was wrong.,negative
Great.,positive
Lovely; affordable seafront spot to while away the afternoon smoking nargile and playing backgammon (tavla). Super hospitable employees and enjoyable ambience.,positive
A cheap and delicious place. If you are passing by; you should not continue without having a cup of tea.,positive
Seaside great view!,positive
Prices are nice,positive
Bitter; mango; Bodrum tangerine; honey almond; Big Babas; mastic gum; walnut; blackberry and forest fruit definitely recommend..,positive
The prices are cheap from the center; the ice cream is legendary; don't miss out; it's worth waiting in line; it's the best ice cream shop in Fethiye. Real milk ice cream,positive
Absolutely perfect come try it..,positive
Terrible. This is a lie. This is not ice cream! This gum is an ice cream substitute.,negative
As I was crossing the road; I noticed that we stopped. The light ad is very good because everything has ice cream icons. The only normal price I've seen in Fethiye is 6 TL.,positive
It literally gave me the feeling of chewing sugar. It's not even about ice cream.,negative
We visited with my friends. The lemon one was great!,positive
A great taste. I went on recommendation; it was really true. I also recommend it to you.,positive
Their prices are very reasonable and their ice creams are delicious. There is not only ice cream but also dessert sales inside. There are many options for ice cream; which is a very nice detail.,positive
On the way to the city center of Fethiye; a sweet place caught our attention. The ice cream cone-shaped totem on the road was very original.,positive
The hamburger bread was very nice. I didn't like his meatballs very much.Orders are coming out very quickly; and the working friends are very kind; thank you.,positive
A place that makes unorthodox burgers in Samsun. The hamburger bread is big and wide with lots of sesame seeds.,positive
It's a very nice place; the hamburger is very nice. The staff is very good; there is a children's playground,positive
The place is nice; the waiters work sulkily. The location; service and presentation are beautiful. And his hamburger might be the most mediocre hamburger I've ever had. There is no meat taste in the meatball.,negative
They have really saturated menus. The prices are very good; and as a place with a very nice interior and exterior decor with sea views; I would definitely recommend it at the same time.,positive
I never liked the service very bad; when we brought the wrong burger and returned it; we had to wait that much longer. The potatoes were terrible; the only onion rings and mushrooms were beautiful. I will never go to this place again.,negative
The menu content is beautifully varied and satisfying.,positive
The price was not right; I bought a 2-piece menu; the burger and bread did not taste good.,negative
The prices were generally reasonable; the tastes were also good enough.,positive
The menus offered by the friendly staff are something else; the flavors we have tasted.,positive
"I would like to thank the service in Fethiye branch and especially Mr. Samet; the official here, for his interest and relevance.",positive
Taste is exactly the same as in classic hamburgers; prices are extra high.,positive
Every time I come to Fethiye; I stop by and fill my stomach with pleasure.,positive
In general; everything was good; but the tables were not collected during the 35-45 minutes I was there. It was messy inside.,positive
They are very fast and the food tastes good too.,positive
The potatoes were almost dead and tasteless.,negative
I didn't like the gloomy; dark atmosphere of the environment; the toilets are dirty; you are disgusted to wash your hands.,negative
There was a hair in the fries; disgusting.,negative
In terms of price; it is above Marmaris prices. In other words; there are menus with prices above the average. I was satisfied with almost everything I ate and drank.,positive
It is a place where the food is as amazing as the cocktails. The sole fish was very good. employees are very engaged.,positive
As we were passing on the road; it was pleasing to our eyes and we dived in. It was good overall.,positive
For people living in Marmaris; it is a beautiful place to visit in summer and winter. I recommend you to try liver because they serve it in a way I have never tried before and because of its amazing taste.,positive
Wonderful place where you can go with your family and have fun; nice place with live music...,positive
Prices were slightly higher than peers.,positive
Pukka is a restaurant by the sea where you will have the most beautiful pictures and videos where you can organize a nice organization in Marmaris.,positive
Great concept and very tasty food.,positive
Popular place for Winter and Summer; food and drink menu wide enough and delicious.,positive
Delicious. However; prices are as high as Marmaris in general in 2021.,positive
The interior design is simple and pleasant; with balconies and upper floors with sea views.,positive
"I can say that my worst flat white experience. ""Would you like milk?"" they said. I drank more milk than coffee.",negative
A great starbucks branch located in Bodrum center / bazaar / port. It's great because the layout; the environment; the place and the service are very successful.,positive
The place is very narrow; I can say it's the worst starbucks I've ever seen.,negative
It was a pleasant snack; a refreshing drink in hot weather.,positive
"The view is super, the cleanliness is bad, the location is very good",positive
The place is so sweet. but it gets too crowded in the evenings.,positive
Employees are very warm. in a very pleasant location.,positive
The employees are very good and caring. Best Starbucks..,positive
Here you can find by far the best 4-cheese pizza you can eat in Bodrum. On top of that; you may have reasons to come back again and again with the unusual taste and presentation of the magnolia.,positive
A place we found by chance during the winter season. First of all; we sat down to drink coffee and the environment was so spacious and calm that I was able to hold a meeting that I had to do over the web without any problems.,positive
I have never seen a pizza with such a thin pizza dough that the material did not fall apart. Pizza mista is a great choice for mixed lovers.,positive
It is a very nice place to watch the matches; when it is closed in winter.,positive
A pleasant place with a beach; delicious food,positive
It is a place where you can both enter at home and spend time with pleasure and eat and drink. The beach is very beautiful; your sea is clean. The food is also very good.,positive
It is a business that serves 2 orange juices that are not on the breakfast menu and that I did not order; as if they were on the menu; and charges an extra 40 TL.,negative
We sat at the table; 10m away from the water; went for a swim and then came back to our table. They have changing cabins inside; very clean. Tried some cocktails and they were really good; but prices are like in Kos; Greece where we came from.,positive
It is a restaurant-bar with an extraordinary ambiance. It has an excellent location on Bodrum Beach. The service is top notch and leaves nothing to be desired.,positive
Seaside; pleasant place; mediocre food; owners concerned.,positive
Beautifully located restaurant on the beach; very nice staff and very good value for money; would gladly come again.,positive
A place where you pay for the view. In general; although the breakfast is good; 80tl per person for two people 160tl is a bit high.,positive
It was very nice that the food was delicious; the place was facing the beauty of Alanya Castle and especially all the staff were interested.,positive
Good salep was good; the employees were smiling..,positive
We wanted mint lemonade; they put mint syrup in the lemonade; when we asked; they said that's what we do; but if you don't like it; we'll change it and they changed it.,negative
A large spacious place. If you want; you can relax inside and have something to drink.,positive
Location is nice. We love it as a family. Pizza was delicious.,positive
Stylish; decent and clean place. I advise.,positive
In a beautiful location by the sea; sometimes it gets very crowded; the service can be delayed,positive
I think it came with a change in taste with the price update.,negative
A delicious doner.,positive
the ambiance was nice.,positive
Interest was good; but doner was a complete disaster. First of all; it came cold; there was no proper sauce in it; there was so much onion that I could not taste the meat at all.,negative
Awesomeee,positive
"Delicious doner. I went there with my friend, that was she's first. She liked too.",positive
"Nice place, good price; good quality",positive
Delicious!,positive
It was one of the best doner I've ever eaten in my life. Thank you very much.,positive
There were problems with cleaning. Chefs must wear gloves.,negative
The atmosphere is very nice; the flavors are also very good; but the prices are a bit high.,positive
We went for breakfast in the morning; the atmosphere is nice. breakfast items were good and tasty.,positive
The cafe was cheap enough; I ate with my family.,positive
We ordered breakfast; the table was full. It was truly fascinating. I advise.,positive
The indoor atmosphere was nice; but I can't say the same for the outdoor,positive
We were very satisfied from the staff to the meal.,positive
Ambiance was good.,positive
Clean business; I liked it.,positive
They didn't care about us when we went.,negative
The restaurant is well located and above all it is nicely decorated and clean.,positive
Good quality drinks and food.,positive
Good location; no parking problem. The business is a little small. The products are considered good.. I didn't like the Sakarası dessert very much. Meat skewer and knife were not bad. Prices are normal..,positive
Employees are kind. Food is delicious,positive
The okra soup was hot and scrumptious to the broth. The meat loaf and tandoori kebab were excellent. We ate in the garden with pleasure in a cool weather.,positive
One of my favorite places in Konya in terms of service; hygiene and taste.,positive
It is one of the rare places where I can taste the Etli Ekmek I ate in my childhood.,positive
My wife and I liked the meat loaf very well; as the distance between the knives is very good. The downside was that there weren't enough toilets; we waited in line.,positive
I had heard that meatloaf was good; but the taste was not that praiseworthy.,negative
The food is delicious; but the portions are very small and the prices are so high.,negative
Waiters were better than Meram branch. Although the taste of Etliekmek is not very good; you can easily bring your guests from outside the city.,positive
Prices are high; even for the yogurt we didn't order; we were charged.,negative
Service is very slow. The ayran comes in advance; neither foam remains nor we saw here for the first time that buttermilk is paid.,negative
The atmosphere of the place and the interest of the waiters were good. Food came fast and hot. We ordered spicy tabokki; it wasn't bitter; it tasted very good. We ordered cheese kimbab and it had cheddar in it. I don't recommend it to those who don't like seaweed.,positive
"Atmosphere of the restourant was amazing, I felt times that I in Korea",positive
The products were delicious; the service was fast; the employees were smiling and interested. Bulgogi mildly spiced meat was delicious.,positive
We had very high expectations; but unfortunately we did not like it. Chicken was very sweet. Prices are not too high. You wait in line outside.,negative
It was really nice; I liked it very much. Moreover; the prices are quite normal. Well done to everyone who worked there.,positive
Kimbap wasn't for me; it's a tough flavor.,positive
I don't know much about Korean cuisine; but I have tasted it. Chicken with soy sauce was cooked to a great consistency and served warm.,positive
I had been to a different Korean restaurant before; the ambiance there really made me feel like I was in Korea. I couldn't feel that feeling here.,negative
Super taste; best rose rabokki I've ever eaten in my life. At the same time; we ordered a gimbap with kimchi; and we think it suits them very well.,positive
A nice place where you can taste examples of Korean cuisine. The closest taste to Turkish cuisine on the menu. Traditional chicken. Prices are very reasonable.,positive
There was no place to sit and eat; we ate standing. It tasted good.,positive
I have never eaten such a delicious patso until now. Recommended guys. And I went again and I will continue to go again.,positive
I ate the big patso with sausage and cheddar; the potatoes are absolutely incomparable with the frozen flavorless potatoes of many places today. It is a perfect form of sausage bread; potatoes and cheddar blended with sauce; and it is satisfying.,positive
We ate the classic patso burger. In other words; french fries between fresh sandwich bread; ketchup mayonnaise on top. It tasted very good. No seating; we went to the park right next door and ate there.,positive
"It was very crowded, We wait while we're hungry!",negative
Crispy on the outside; soft on the inside. It's always hot; it's a little crowded; there's no place to sit.,positive
I tried the large patso with sausage and cheddar. It was delicious and fresh. You can try.,positive
Great patso!,positive
160-year-old Vefa Bozacisi has not lost its flavor. We can find filled bottles in many places; but it's different to come here and drink. It's definitely fresher to drink on the spot.Vefa Bozacısı,positive
It was very nice to taste the boza in the historical place. Way better than other bozas.,positive
A historical place intertwined with history. The business is clean and tidy. The staff is very caring.,positive
Boza's are beautiful. The ones on sale are also freshly filled and prepared. It looks clean; but I don't know the exact details.,positive
The taste is very good; and you can buy some roasted chickpeas; and it will be very high. Employees should be smiling.,positive
Perfect!,positive
I don't understand what kind of business it is to sell boza in a foam glass. Offering chickpeas is a tradition next to the spoiler; but in Vefa you have to go and buy it yourself from the shop on the opposite side.,negative
Vefa Bozacisi must be the most beautiful place that comes to mind when Boza is mentioned. The groceries are quite affordable.,positive
It is a flavor that can be tried when you go to Istanbul.,positive
Eating with this view... It was legendary!,positive
There is a place to eat fish and bread across the beautiful place. If the weather is nice; we go to this doner shop; if not there. You can try.,positive
They deserve the stars more than enough for their service; hygiene and view; but if we talk about the food; I can say that it was the most delicious in a one-week Istanbul trip without exaggeration.,positive
Different from the price on the menu Price has been applied doner is dry and hard.,negative
A taste that hasn't changed for years with its legendary view and taste!,positive
You can go even for the view... The interest is very beautiful.. Those who want to eat meat (Halal food) should definitely stop by..,positive
We finished Iskender and Doner Burger with difficulty two weeks ago; we couldn't start the dessert part because there was no appetite for tail fat.,negative
Great.,positive
Ambiance was amazing!,positive
I think they make very good doner kebabs. We did not have any problems with the service. We parted happily as a family. As for the price; I think such a place has a very good tariff for such a view.,positive
"Service, attention is excellent. The masters working in the kitchen love their job. Dining halls and sinks are very stylish; organized and hygienic.",positive
The presentation was very successful; the employees were very interested and thoughtful and everything was delicious. We thank you.,positive
Food service was also very fast. I ate a delicious Lokum meat. Then I ate an unbelievably good burger.,positive
The most successful steak restaurant in the region. It is also a world brand. With its carefully selected meats and cooking technique; it gives the price you what you pay.,positive
Prices are so high..,negative
I do not recommend the lamb cage at all. But skewered and tenderloin are great. My carrot slice isn't bad. The waiters are interested and polite; but there are difficulties in understanding the order. You would like it cooked well; it comes undercooked.,positive
We've been here many times and each time we left satisfied; Lokum meat; spaghetti; nusret hamburger; salad with tulum cheese; etc. very good but of course high in price compared to many places.,positive
It's as if your old meticulousness is gone. The cage arrived cold; the salad came for 1; I said two; I did not drink alcohol; but 6 double raki was written in my account; when I told the waiter; he said are you sure you didn't drink?,negative
There is a queue at the door; there are wonderful places in Sarıyer. I came with the force of my friends; the music chosen is similar to the music played in Italian pizzeria.,negative
He's very successful. Even though it was very crowded; the service was incredibly fast.,positive
By the lake; with a beautiful view; ducks are swimming next to you. 1 pan of squid; 1 portion of sea bass; 1 salad; 2 50 sized tuborgs; 2 tea 80 TL.,positive
The presentations are very good; it obviously has a skilled and attentive chef. Fish and squid are fresh.,positive
DEFINITELY DO NOT COME. We came here for breakfast based on the reviews on the way. We said the breakfast called the village breakfast for 2 people. First of all; the employee greeted us disrespectfully; a thousand pieces falling off his face; reluctant movements etc. It didn't taste good either!,negative
Right next to the Köyceğiz lake; the prices are a click above the average; a good business with a panoramic view of the lake.,positive
Thank you.,positive
Mexican chicken was hearty; hot and fresh in portion. Service was a little late. An ideal place to dine with a lake view.,positive
Koycegiz is the most popular restaurant and cafe. You can have a meal with the view of Köyceğiz lake and sip your cold beer with pleasure.,positive
It was rainiy but the ambiance was good enough.,positive
They bring delicious yoghurt to the dishes; the portions are hearty; with a beautiful view of the lakeside.,positive
I recommend the handmade hamburger at a good price; reasonable (50TL) and satisfying. Sprinkled village breakfast (125 TL per person) is a weak; ordinary breakfast.,positive
Tantuni was amazing. We just came here to try it.,positive
In general; it is delicious; you can ask for both wrap and bread. Although the waiting time is around 10 minutes; the red cabbage and pickled peppers served from the front satisfy you.,positive
It is a cheap and delicious place for students.,positive
Tantuni was amazing. Thank you Cici Tantuni!,positive
The pickles that came after you placed your order were very nice. Tantuni is not bad; you can try it. But I would say it's a little oily.,positive
Great tantuni; thanks!,positive
The ambiance of the place was a bit dark.,positive
I tried tantuni with yoghurt for the first time. The taste was perfect. I would recommend it to everyone. It reminds me of the taste of iskender.,positive
Prices are like that.,positive
It was very oily; but good in taste. Prices are a little higher than usual.,positive
If you want a different taste in Kaş; they serve it by putting meat; chicken or meatballs cooked for a long time on the bun bread; you can order the drink separately with fried potatoes.,positive
Overall it wasn't bad. It was delicious and ice cold. Mohair meat was delicious. The fries were nice. However; the bread that gives the place its name is a disappointment.,positive
It has a hearty menu that starts with a very sweet encounter; it was quite delicious; the pepper sauce they made is successful.,positive
There are many options on the menu and the average portion price is 50 TL. One portion is very satisfying; but if you don't like dough; you've come to the wrong address. They put the ingredients of your choice between a soft steamed bread.,positive
I really liked the handmade basil buttermilk and lemonade. The chicken sandwich is okay; I think the chocolate one has nothing to say; it only had strawberries in it; there could be more fruit like waffles.,positive
I can say that cleanliness; taste; warm-blooded employees were absolutely perfect.,positive
We came to Bunbun for a snack at noon. We generally liked what we ate; including the vegan ones. We especially loved the one with beetroot. Meaty ones are nice. I really liked their fries.,positive
They make hamburgers from bun bread and come with french fries. Quite tasty and satisfying.,positive
If you come to Kaş and do not eat bunbun here; you are not considered to have come to Kaş. I would definitely recommend you to try it. Especially the ayran is wonderful.,positive
We ordered meatballs and handmade meatballs that were baked for 6 hours. Meatballs were delicious; meat was delicious.,positive
Even though it was overcrowded; our orders came very quickly. Except for the künefe; all the treats were delicious. The künefe tasted oily. I recommend you to go to a very clean and relevant place.,positive
Orders that came really shockingly fast and the treats were delicious.,positive
"I always go to this restourant, the treats are constantly renewed and the kebabs are good. There are sweet treats after the meal. The only problem is that it is usually very full and noisy.",positive
There was no delay in meals. As soon as the soup was finished; the meal arrived. The meals are quite delicious.,positive
As soon as you sit down; treats come to your table. Abundant; varied and constantly renewed refreshments. It is a recommendation to everyone who got full marks from us...,positive
Lots of quality extras and unlimited treats. After the meal; cigarettes are offered as a treat; which is very interesting.,positive
This is the best aspava restaurant. The treats were perfect.,positive
I recommend profiteroles and meringue; they are their own production. The entrance is suitable for the disabled. It's good that they're paying attention to this.,positive
The best place to eat local food in Muğla. Master Fikret's food is excellent. You should definitely stop by here.,positive
I went with my friends; their milk desserts were very good.,positive
We went to eat dessert as a family and we were satisfied. It was a bit crowded.,positive
It's cold and extremely bad; the price of the food is way above its quality; 46 liras for 6 meatballs; 30 minutes or more waiting time. I definitely don't recommend it.,negative
Very good quality and expensive also always crowded.,positive
Good.,positive
Everything you eat is very fresh and delicious. The back of the place is in the concept of a restaurant and the 2nd floor is in the concept of a cafe. We liked it very much.,positive
I ate awesome pasta; I recommend to you..,positive
Recommend.,positive
"Bagel / crispy is tasteless; the outer crust is hard, and the tea is tasteless due to its water. Boiled egg craved but I gave up because it was peeled.",positive
Prices are very affordable; boyoz is fresh and nice. Finding breakfast items such as olives; cheese and honey in addition to Boyoz also adds to the beauty.,positive
The most beautiful boyoz is clear here! Those who claim otherwise should reconsider their taste. I have never eaten such good boyoz in my life.,positive
I like it a lot. Prices are reasonable. Many varieties of boyoz available.,positive
The boyoz with mozzarella was legendary; the salt taste coming from the back really makes the boyoz delicious.,positive
It's a very cute oven. It opens early in the morning. Boyozes are very delicious; I loved the one with mozzarella.,positive
I ate boyoz for the first time. For me; I guess I wouldn't eat it again. Frankly; it's not a taste that I will look for and miss.,negative
I ate a variety of boyoz for the first time and I liked it very much. The service is fast and the atmosphere is friendly. If you come to Izmir; do not pass by here.,positive
I came with recommendation and it really tasted good. It doesn't have a very different taste; so I don't think you will have a problem whether it fits your palate or not.,positive
It was the best SushiCo restaurant I've experienced. Sushi was perfect and delicious.,positive
Great atmosphere!,positive
Service was good; transportation was easy. Prices are above average. For those who don't like the taste of raw fish; I recommend roles instead of nigiri.,positive
The food is fresh; delicious and the atmosphere is quality as always.,positive
Pretty good sushi; attentive; friendly service..,positive
Liked.,positive
The flavors were good in general; the prices were a bit high.,positive
Started off well with nice duck sushi and prawn gyoza; but was given wrong meat in pad Thai so sent it back. No apologies. Ordered spring rolls; they never came.,negative
Very clean restaurant... Tasty suchi and noodles.,positive
We ordered sole fish; fried haddock; fried mussels; and sardines. Our favorite among them was sole fish. The only thing that bothered me was that the men's and women's toilets were a common and single toilet.,positive
The taste really lives up to expectations. It is a business that maintains frying fish; which is essentially a fast food; in accordance with its craft. I liked.,positive
Delicious!,positive
Very cheap against portions.,positive
Our back hurt while eating; the place was clean.,negative
I think they cook very fast and delicious fish; and they have very sweet employees; I definitely recommend them. I also strongly recommend the pickle juice and sole fish.,positive
We ate our meal on the top floor; the location of the place was beautiful. The flavors and portions were good. I suggest you to eat fish bread.,positive
I went to there with my girl friend; I liked fishes but she did not like because fishes are a little bit oily.,positive
Portions are huge.. sardines are delicious; fish is very oily; so you have to eat bread. Therefore; the best choice is between bread.,positive
There are only Kumru and Kumpir options; the Kumru is not bad; it needs a little more oil; I can't say it's very tasty. The place is beautiful in terms of location; but there is a crowd; so the staff cannot keep up.,negative
Excellent. I recommend.,positive
I ate the best dove I've ever eaten here. Everyone should come!!,positive
"Crowded but no problem, flavor is okay.",positive
"Kumpir is delicious. Super Kumru is really good. Compared to other places, we can say that the prices are reasonable and the service quality is high. quality materials used.",positive
I'm really surprised; it's a huge business; but the staff is so indifferent and bored.,negative
"Beautiful place; in a perfect location; clean and equipped with quality; these definitely deserve a star; but as someone who loves dove and has experienced it in every corner of Izmir (Alçatı; Bostanlı; İnciraltı; Çeşme; etc.), this ""dove"" is not the only thing that can be said.",positive
I can recommend it to those who want to eat a delicious dove in a beautiful place. Kumru's price is 45₺.,positive
Definitely. Texts the dove's book. The Kumpir they ordered was also excellent.,positive
Bread was a bit stale and no problem except taking the order late and waiting. Meatballs are delicious as always.,positive
The order came fast. I loved the doner and chicken. It was well cooked. But orders came late.,positive
Great service.,positive
The fact that all the employees were women made me very happy; the tastes were good.,positive
Great service; attention and relevance It was nice. Everything was perfect.,positive
Its meatballs are beautiful. So is soup and salad too.,positive
The meat had a fabricated taste.,positive
Kofteci Yusuf tastes the same everywhere. employees are constantly running towards somewhere; it is very difficult to catch and order.,positive
We told the staff a very modest breakfast plate; there is unlimited tea; and the breakfast was really good. There was everything up to 4 kinds of cheese and it only cost 54 liras.,positive
Nice atmosphere; pleasant place. The employees are young; smiling and fast. The breakfast is very nice. Souffles are A-MA-ZING!,positive
They do sushi every thursday and I missed so it was a little sad to miss it. Other than that; the food was good.,positive
Definitely the best soufflé I've had in a long time. I am satisfied; I recommend.,positive
Asian salmon pastas and salad varieties are very successful. They have not neglected to share the secret of their taste.,positive
Souffle heaven has a wonderful variety of flavors; I highly recommend it.,positive
I tried Antep taco; I liked.,positive
The prices are the same as the market; but the staff and service quality are better than others; their special tastes are definitely recommended.,positive
Taco; on the other hand; was no different than a vegetable wrap wrapped in lavash. It was a decent experience.,negative
The staff is very fast; the waffles are great; I definitely recommend it.,positive
The waffle was very successful; especially the dough was very delicious. The ice cream they use with such a nice waffle is of very poor quality. The only negative thing is that the employees are constantly checking to see if the food is finished.,positive
Although they are actually a place that makes waffles; their burgers are delicious and they have a lot of options.,positive
It had very good service. It was also nice to have a lot of choices in waffles.,positive
Waffles were delicious and their tea was fresh. It wasn't insane for the price. I'm thinking of coming again.,positive
Everything was very good; the waffles were very tasty; the employees were very concerned and smiling. It is recommended.,positive
It's a great place with everything; it's a very good place whether it's about food or interest; it's a very nice place for waffles.,positive
I can say that it is the only cafe in Samsun where you can eat waffle dessert properly. You can go without thinking.,positive
"Good waffles, we liked it.",positive
I ate better waffle's in past.,negative
It was the most delicious adana kebab I ate in Alanya. The prices were also normal. The only thing missing was the salad.,positive
Renovated is pretty good. There is nothing to say about the food and the soups. Especially the lahmacun was perfect.,positive
don't accidentally break a glass or plate; they add 20 lira to your account unannounced.,negative
Location of the restourant was good; easy to access.,positive
Everything is very good; thank you for your efforts; the meats and dishes in the newly added a la carte menus are legendary; I definitely recommend it.,positive
smiling employees..,positive
Everything was great; definitely coming back when I'm in Alanya again.,positive
We came here with my family. Staff was very friendly; responsive and professional. Our order was delivered very quickly. The restaurant serve Turkish cuisine. One of the best in Alanya. Recommended.,positive
I drank Beyran soup; the taste of the soup was not bad. The lahmacun was good.,positive
Beyran is really delicious; the service is fast. Friendly and warm waiters.,positive
We came to drink beyran soup for breakfast. We really liked the taste. The accompanying breads were delicious.,positive
I had eaten Beyran in a few places; but I didn't like it very much. I drank here and liked it. I can drink it every day.,positive
I ate katmer here for the first time and I couldn't forget its taste and smell. It may be the most beautiful dessert in the world!!,positive
We ate Beyran. We preferred less spicy; the price is 60 TL. The place is clean; the service is fast.,positive
Lahmacun was terrible.,negative
We tried Lahmacun and Beyran. They were beautiful; thank you.,positive
I'm ending my vacation by leaving my favorite food here..,positive
We had the opportunity to taste beyran for the first time in our lives and we had heard of the reputation of Metanet's beyran. At first; we had a bit of a prejudice; to be honest; about the intense aroma of meat or fat; but it's not like that at all. Beyrani is so delicious and balanced that we can eat it at any time of the day; morning; noon and evening.,positive
Everything is fine; but I have to deduct 1 point because of the prices. There is no problem in taste; presentation and cleanliness.,positive
Great services.,positive
In terms of price performance; I think it is quite reasonable. Employees were also very kind; thank you. I was very satisfied with the spicy-sweet sauce chicken I ate. Only the fries on the side were too simple in my opinion.,positive
Breakfast in the morning is usually very crowded on weekends. Service may be delayed. Meals wasn't bad.,negative
Great ambiance; delicious dishes..,positive
Due to the crowd; my order came late; there is no problem other than that.,positive
The food is delicious; the view is beautiful.,positive
I went on the recommendation of my friend. Everything at breakfast was delicious. Only the butter had a peculiar smell.,positive
The strawberry cake was great; there was fresh dough. And we only paid for what we ate; drank; portioning; etc. no extra fees were asked. It's a wonderful place,positive
When there are so many employees; orders are forgotten; tables are not looked at. The food is really delicious.,negative
I definitely come here every time I come; I like both breakfast and evening meals; but prices have increased a lot from last year to this year.,positive
The worst service I have seen; no one knows what they are doing ,negative
If you want a delicious and local breakfast on the beach; you should definitely try it.Kuymak is even closed to discussion.,positive
My first stop for breakfast in Atakum is a place with quality service and friendly face.,positive
It's nice to have a children's playground. There are a lot of staff working. Good as place and location.,positive
Teas we could only drink 1 tea for a cold breakfast; the staff is being artistic to the customer; fighting and walking on top of him; there is an uncomfortable environment.,negative
This place is beautifully decorated; has excellent staff; successful flavors; plenty of variety.,positive
The service is absolutely amazing; the working friends are very kind; there is no need to explain the taste; it is a restaurant that should definitely be visited.,positive
Portions were very filling and good. We had a nice Sunday breakfast.,positive
The view is nice; the indoor seating area is quite large.,positive
It is a place to eat good pastries in Sariyer. I recommend you to try the mince raisin. Tea 5 TL 1 portion of Meat Pie with Raisins 30 TL,positive
Pastries varieties and pogaca are delicious. There are also breakfast options available. The staff is caring and helpful. Service is fast. I think the prices are reasonable.,positive
Good with potatoes; good with cheese; medium with spinach; medium with minced meat. Plain pastry was good; pastry was good. I did not like the tea.,positive
Great.,positive
I'm a regular at currants and pastries with minced meat. It is both delicious and definitely does not disturb the stomach after eating.,positive
It gets very crowded because it's the weekend; we have to go a little early; you may not find a place to eat something,positive
It's too plentiful; so I guess the prices are high. But a mixture of so many different dishes was not that good.,positive
The most delicious rice I have ever eaten. The ambiance of the environment is terrific; its desserts were amazing too.,positive
I ate baruthane kebab with rice; it was very good; a little expensive.,positive
The place is beautiful and clean. The employees were very kind and concerned. I ate rice and also had sautéed chicken. The flavor was good except the chicken sauté was greasy.,positive
It was nice experience; you have to try it.,positive
250 TL account was received for 1 portion of rice + kuru fasulye + ayran + Cola. Service and waiters are very bad.,negative
It's not something to be exaggerated; and people come from out of town just for their rice. The waiters were kind; the environment was clean.,positive
The flavor is excellent. Roasting meat was like cotton. Price is a little above normal. Location of the restourant was really good.,positive
The menu is very nice; the food is legendary; also the waiters were very polite.,positive
There was a hair strand in my food! There is no problem in service or interest other than this issue; they give the right to the fee they receive.,negative
"very clean table arrangement is good; waiters are very interested; they look immediately; the order comes without a long wait, the food is really delicious as it is said; it is excellent; I recommend it.",positive
We came with a guest from abroad; everything was perfect. Taste; cleanliness; service..,positive
It is a luxurious place where you can try the delicious tastes of both Turkish and Arabic cuisine.,positive
Please review the ticket slip. A business that wants money for the bread on the table; 20 TL for the service fee; 20 TL for the valet.,negative
Unfortunately; the waiters are very uninterested. Since there are too many Arab customers; the attention and interest is more towards them. Stones were found in my food?!,negative
Even though the service is terrible; they ask for a service fee of 144 TL; what a nonsense!,negative
Hatay gastronomy house is an excellent place; you should definitely go... Quality and affordable...,positive
Ambient food; nice open area; heated pet friendly place; renovated garden is very nice.,positive
The venue is beautiful. Food/desserts taste good. I loved the Popcorn Shrimp from the hot appetizers. I loved Pose Armut. Overall good price/performance.,positive
We went for both breakfast and dinner. First of all; it has a very nice environment. When we went for breakfast; we sat inside and one can sit for hours. Its decoration; quiet and nice; being in the trees is very nice. Especially having an open kitchen adds a positive score to the customer.,positive
The place is very beautiful; the food is so delicious; you can go with your pet to one of the rare restaurants that cook the meat to the exact consistency you want. The toilets are not separate for men's and women's toilets so there was a bit of a cleaning problem.,positive
The service is slow; I think there is a lack of staff and unhappiness; it has not to expensive and it was seedy experience.,negative
Although it was crowded; the ambiance and food of the place was nice. Thank you.,positive
Great place.. Contrary to the comments; the employees were interested.. The hot dog was impressive.. The hamburger was not bad.,positive
Despite the current times; it was a very pleasant visit. They currently don’t take booking; they have a walk-in system where you put your name down and after a short wait they seat you inside. Once inside you can opt to be put on a waitlist to sit outside. The setting is really nice and rustic and the tables are well distanced. There was a nice evening crowd and a good energy in the ambience.,positive
The service provided was very nice; I was happy.,positive
Eggs Benedict with pork bacon was nice.,positive
Excellent taste; and the shabbyness of the place was also nice.,positive
A full student meal. The price is cheap and the taste is high.,positive
It's a place with very affordable and delicious pasta. Actually; there is not much variety of pasta. Classic pasta is served with cheddar cheese and sauce. I think the taste and price of the pasta is very good.,positive
They serve an uncooked pasta with a tasteless sauce and cheese and some corn. Half portion is 20 TL. It didn't suit my taste.,negative
I think it was pretty cool. The price of a portion of pasta was 22 TL. I highly recommend you go.,positive
classic alavara pasta; if you don't have a tiny little stomach; say it right. Pasta 42 TL price performance product...,positive
The taste is unbelievably good and satisfying enough; it is also very affordable; but you have a hard time finding an incredibly crowded place.,positive
Not to mention pasta; their sauces are so successful that you can destroy the whole plate without noticing. Also; the dumplings are nice.,positive
Tasty meals.,positive
It was the most delicious pasta I have ever eaten; thank you.,positive
Service was fast. I ate ravioli; it was good.,positive
In general; I was satisfied; since the hamburger is a little small; it will be more satisfying if the one with a higher grammage is chosen.,positive
Burgers are great hot dogs do. It is very interesting that french fries are 114 TL.,positive
Hamburger is really delicious. The fries are normal.,positive
The best hamburger restaurant in Istanbul. Cooking and sauce is very good.,positive
Burgers are super. I've eaten hamburgers in many places; but I've never come across anything like this. Fantastic meal with friendly service in a small but cozy place. I strongly recommend.,positive
The delicious combination of truffle sauce and burger was legendary.,positive
It was one of the best burgers I've ever eaten. The only downside is that the portion is a little small. Apart from that; it is definitely a place to experience.,positive
Well prepared hamburger; special taste. But a little bit expensive.here/,positive
It is delicious in everything with its sauce and bread.,positive
The taste is good; but it's not worth paying 90 TL for a wet hamburger-sized burger and not even getting fries...,negative
They make the pizza in a wood fired stone oven. It's different than any pizza you've experienced before. They use cheddar cheese as cheese. We preferred the 2 and 3 special pizzas.,positive
I definitely recommend the seasonal kenger pizza. We also loved the sauce in three different olive oils; one with garlic; thyme and hot pepper.,positive
You can't get enough of the thin pizza dough. Overcrowded employees are very concerned. We ate pizza at Mia highly recommend.,positive
Staff were quick but surly. the service was actually fast; i can't afford it. We ordered chicken and mushroom pizza; its taste was normal; the dough was very thin and it wasn't burnt; which was the only good thing. Coming to the wage issue; there were prices that did not match the prices of luxury restaurants.,negative
I think it's a nice place. Pizza was also nice; but a little expensive. I liked their sauce.,positive
First of all; the atmosphere is nice; but there should be a solution for flies in the open air; such as fans that blow water. As for the pizza; although the view is beautiful; neither my wife and I did not like the pizza; unfortunately; the sauces that came only to pour on the pizza were good.,negative
Amazing pizzas omg!,positive
The place is spacious; clean. Pizza dough is thin. You had the chance to try 6 types of pizza; I can say that the best is the model with spinach and smoked turkey.,positive
"The dough is very crispy and the most successful part is definitely the dough. And the dough was waiting overnight. Also, there is a 2-3 hour queue; so crowded.",positive
The flavors are number 10. A little expensive; it may be too much for people with a medium budget.,positive
I ate küşleme; simit kebab; mixed cubes. The frosting was juicy and pretty good.,positive
Meats are tasty without fat; but not very suitable for me. Since I like the meat cooked more; I couldn't enjoy it much anyway; I couldn't finish what I ordered. Although the portions are small; the prices are quite expensive.,positive
Delicious but not overdone.,positive
Deserts was amazing; especially baklava! Liked it.,positive
Its küşleme was great. It was very well cooked and juicy. However; the portion was small and they warn about this before ordering. Still; its meat is so delicious that it is worth eating. Prices are a little expensive.,positive
4 people mixed menu with their own salad; 750 TL. For those who say price is not a problem. Meat tastes excellent. There is a parking lot.,positive
We ate küşleme; it was amazing. But as you can see; really really expensive.,positive
We came from out of the town to try their meat. We waited in line for a while; but that's okay. It was an amazing experience. I recommend it to everyone.,positive
It was too oily and the place had problems with cleanliness.,negative
It was too spicy on my first try; but after a few bites I got used to it. The taste is really good; I like it.,positive
it tasted so good that I even ordered and ate the second one!,positive
The taste is good but not satisfying.,positive
Deliciousss!,positive
We came to Abidin Tantuni with my friends from out of town. The pickles and of course the tantuni were very nice.,positive
Tantuni is delicious; service is fast; service is quality. Price of one portion is 85TL,positive
Great job; thank you!,positive
we had a delicious tantuni experience. I was amazed by the taste of ayran; pickles and tantuni trio.,positive
One of the Most Beautiful Meat Tantuni Places. Meat tantuni is very tasty. It's a roadside place. It's a regular restaurant.,positive
The smell is awesome; the taste is normal; the speed is very good. We are full; thank you very much. Ayran was also nice.,positive
Iskender kebab is not a meal worth that much money when I look at the price of 195 TL for 1 portion; rather than its taste.,positive
The first time I ate; it's really worth the price. Taste and hygiene are the most important for me. Toilets were clean.,positive
My order came cold.,positive
There is no problem of waiting queue; the ambiance of the place is nice; well done.,positive
Iskender kebab is a nice; clean and well-served place in Bursa.,positive
The interior is very well designed. It has a historical texture. Employees were engaged. Frankly; the taste of iskender was not overly good; it was normal.,positive
It was delicious as I heard.,positive
The staff is very polite and very concerned. Thank you for the delicious food.,positive
We ate oil ravioli and special ravioli. The ravioli was weak compared to the price. Employees are smiling.,positive
We wanted to try it for yaglama; it was disappointing for me; it had little ground meat; it didn't taste good; the appetizers were bad.,negative
Not perfect but good.,positive
We ate special ravioli; classic ravioli; yaglama; they were not friendly; their yaglama was like minced meat pasta; not greasing.,negative
A very pleasant and quiet restaurant. Most importantly; the food is great. Everything I tasted was delicious.,positive
Recommend.,positive
The ravioli tasted good and was satisfying as a portion; the portion was very small compared to the price of the yaglama.,negative
The restaurant is very nice and elegant. We were greeted very kindly; the flavors were good.,positive
Legendary flavors; I was amazed!,positive
After waiting for about 20 minutes; we were able to eat Classic Ayvalık Toast. It was delicious and crunchy.,positive
Small busy place. We didn't wait long; service was fast. The toast was delicious but the portion was small and expensive.,positive
First of all; they don't accept credit cards. The place is small; you can wait in line to sit. It's worth the taste.,positive
I loved it; with one word it was legendary. In other words; it is the best toast you can eat outside. The price is 35 TL for full Ayvalik toast; Ayran Lemonade is 15 TL.,positive
Bread; cheese; sausage all left incredible flavors on our palate. We recommend it to everyone who will go to Ayvalık.,positive
Liked.,positive
We paid 150 TL for 2 toast and 2 ayran. The only address of Ayvalık Toast. There are many queues; but the queue moves very quickly. Worth the wait.,positive
Ambiance could be better.,positive
When you go to Ayvalık; I definitely recommend you to go here to eat toast. Perfect taste.,positive
Crispy and delicious toast.,positive
Excellent Roman pizza. Fast; pleasant and courteous service.,positive
What an awesome place. The fried starters were lush; as were the rice balls. However; the pizza was amazing; the best I have tasted (in Rome).,positive
It was quite crowded so we waited in line for a long time. The flavor was good.,positive
Authentic Italian restaurant; best pizza I ever ate in my life. You know it’s going to be good when Italians go there. Prices are really cheap as well; it was only 8€ for my pizza.,positive
I strongly recommend. The best of the best. Very thin and soft. Nice service and reasonable price.,positive
The pizzeria in the heart of Testaccio is open from 19:00 without reservation... fills up immediately. Excellent typical Roman pizza.,positive
Great thin crust pizza. Its super busy so be prepared for a decent wait. The suppli and fiore di zucca aren't the best; but the pizzas are top notch.,positive
"Not touristic, that's why super. The place is real; truly local; authentic. Atmosphere here is really special. Waiters are cool guys; not trying to be super polite. Love it!",positive
Awesome locals spot for pizza and typical Roman fare.,positive
Best pizza around. GOAT status. Have to try that Diavola pizza. Absolutely no cap!,positive
The food is quite delicious. The prices are higher than the average in Samsun; but suitable for a decent place. The waiters were interested; the appetizers were delicious.,positive
Diyarbakır Ocakbasi is one of the most established places of Samsun; but I couldn't understand this branch. The taste of the food is very good; there is no problem about it; but the service is very heavy; the number of staff is insufficient.,positive
The view is beautiful; the food is good. It's about the waiters. If you are going alone in the evening; a reservation seems to be a must. Too crowded.,positive
It was a great place; the most beautiful meatloaf I've ever eaten in my life.  The cheddar lahmacun and stuffed ribs were perfect; and the meat had no smell. The service is nice; they respect.,positive
2 appetizers 1 salad the smell of blood and the taste of meat were disgusting chicken and lamb were fine.,negative
I gave unnecessary money. It had no taste; no service. It was very expensive.,negative
A restaurant that has lost its previous refinement. Lahmacun as seen in the photo. The service is slow. I recommend a little more wannabe and attention.,negative
The food was great; the service was fast and the staff was friendly. Stuffed ribs were very fresh and delicious.,positive
We tried Lahmacun and Beyti. They both taste great.,positive
Their meat was incredibly bad. Chicken canada had another taste.  The service is nice; but I would say the flavor is 0. In a cooker; this tastelessness is surprising; obviously.,negative
It's nice that it's open every time in a day. Turkish coffee + tea + 2 pastries =52TL. Service is average... Turkish coffee is not tasty.,positive
Delicious tastes; clean place.,positive
We have a full breakfast and pay 20 TL. Isn't it perfect?,positive
We had a pleasant breakfast in a bright environment.,positive
There's a mess inside; the business really needs to improve on the organization.,negative
A bakery and Patisserie that offers quality; delicious and plenty of options.,positive
Great cafe. Excellent staff. Brilliant cakes and pastries.,positive
Thanks for great breakfast experience!,positive
It seems like the products were better last year.. There is always a queue.,positive
The donut had no filling in it so it was like sweet bread.,negative
Loved.,positive
Prices were cheap. But the queue was too long. I liked the flavors as a korean.,positive
A delicious udon that you can enjoy even in the middle of summer! It was very hot; cramped and crowded with people and I had two bowls of udon and a side dish with two bottles of booze.,positive
Lovely and delicious..,positive
5-10 min walk from the Louvre (depending on which side you come from). I ate really delicious things. I would definitely recommend.,positive
The best udon restaurant in the capital! Few tables however; making a lot of waiting at peak times.,positive
The queue was not that long fortunately! The staffs were all very kind and welcoming. The food was amazing! The udon was the hero; it was very flavorful & juicy!,positive
There were few tables and chairs inside.,positive
Best udon in Paris. Well Korean celebrities visits it too. Just a little bit crowded.,positive
"As an udon restaurant close to the Louvre; it tastes just as good. There's quite a line at lunch, but your turn comes quickly.",positive
The tempura here is amazing.,positive
Fast food restourant with a nice view. Staff are also friendly; mostly frequented by tourists.,positive
Very very bad food and very bad service 0/10.,negative
Classic KFC.,positive
I love fried chicken; I love KFC.,positive
It was delicious!,positive
The chickens are very nice and tasty; I will not say the same for the hamburger.,positive
Not friendly; zero customer service. Pretty disappointing. Limited ketchup sauce only two per customer..,negative
They applied extra price because we were tourists; they tried to defraud us officially.,negative
"The place is very nice; I think, the food was fresh and good; one of my favorite places.",positive
I ate a lot of croissants; but this was the best quality beautiful croissant I've ever eaten in my life. Crispy on the outside; with lots of butter on the inside; the smell was amazing.,positive
The place was crowded when we first went. We preferred chocolate croissants. It was fresh and beautiful.,positive
Three of us went and had Avocado & Poached Eggs; Sausage Scrambled Eggs; Mushroom Scrambled Egg Croissant. I didn't like the avocado croissant because I don't like avocados.,positive
It's a very enjoyable place. The croissants are amazing! The butter feels very good in mouth; it is crunchy. Salty and sweet; they're all great.,positive
I recommend..,positive
Wonderful. The amount of butter used in the croissant was so good that it never lost its taste and crunch. The coffee was fresh and of good quality.,positive
Cheesecakes are a price / performance product; if they have it; you have to try it immediately. The teas were also very good.,positive
The waiters were indifferent; I was not satisfied.,positive
The croissants were delicious but tasted a bit bitter due to overcooking. The croissant with adjika was excellent. But we waited a long time,positive
Each mussel costs 7 liras. The place is big can sit inside and outside. There is a Bosphorus view in the place.,positive
The kokorec and sauced mussels of this branch next to the sea are quite good.,positive
"In a word, super. No need for expensive places. Very tasty; very clean. You can sit at the tables overlooking the Bosphorus and have a pleasant and reasonably priced meal. The staff is very caring.",positive
Not too good; not too bad either.,positive
10 mussels + half a kokorec is 240TL. Also; the place smells like toilet.,negative
I had the chance to try classic mussels and mussels with sauce. Both were beautiful. Kokorec was also good.,positive
Prices are a little bit high but tastes are nice.,positive
In a word; it is magnificent; this is the heart of mussels in Istanbul. Atom kokoreç must be tasted. The mussels with sauce are another good one..,positive
Taste has deteriorated compared to the past. I guess it's because he's famous. I do not recommend; you can eat betters in other restourants.,negative
Magnificent view and legendary taste; and kokorec is also very good; I recommend it to everyone.,positive
"If you go to Trabzon, it is a place you should definitely visit. I knew it was a historical rice cooker; and it tasted great.",positive
Rice and roast are delicious! The inside can be visited like a museum; the employees are friendly. It's a bit pricey though; bring cash with you.,positive
Dishes were really expensive.,positive
It's just perfect; there is nothing to say.,positive
A very authentic place; its roasted meat and bean on the rice is legendary… 1 portion is enough.. The taste of the compote they serve is indispensable…,positive
2 roasted meat on rice + a ayran and a compote; a total of :220 It was nice that it was better roasted than rice.,positive
I tried it after the positive reviews. Its rice and compote are nice. However; there are places in the Black Sea where I ate better roast beef. It's not a place I can say you should try. Prices are reasonable. The place is nice; the service was good.,positive
I have never eaten such delicious roasted rice anywhere. Service presentation and environment was very very nice.,positive
An incredibly beautiful atmosphere with its historical texture and story. We preferred Roasted Meat on the Rice; it was delicious. Portions are very filling.,positive
This is a place we always go for peri peri burger and crispy ravioli. Thanks for the treats.,positive
We ordered the Cream Croissant. The chocolate was bitter and too liquid; I think it would be better if Nutella was applied. It was not a dessert worth the price. (145₺). They also forgot the tea I ordered.,negative
I drank Turkish coffee; it was good.,positive
The products were delicious; the atmosphere was nice. Prices are reasonable; service needs improvement.,positive
Great viewed restourant.,positive
I really liked the atmosphere. The breakfast was very good and worth the price. It is not very expensive; but it is not very affordable either; I think there are ideal prices. Desserts were also excellent.,positive
They are not good in hygiene; portions are big; taste is good; prices are above average.. View is good.,positive
In short; the plates brought to you are no different from the ones on the menu. Pizza is definitely in the top three I've ever eaten.,positive
It's a nice cafe. A little curly haired busboy there was very kind to us. The service was nice.,positive
We came across the Pavlova dish; it was delicious. Their fruit pasta wasn't bad either; but the kids really liked it. The staff is very caring and helpful.,positive
Izmir bomb was nice. The ice cream tasted like milk (not goat's milk) that I was not used to; but it didn't bother me.,positive
I am attaching the photos I could take about the menu and its prices. Overall it wasn't bad.,positive
Although it is a classic; its products are ordinary. Prices are expensive for the quality.,negative
Lemonade and desserts were terrific.,positive
Everything we ordered was excellent especially the Pavlova cake.,positive
Great ambiance.,positive
I tried Pavlova but it was not what I expected. But it could also be about my choice.,positive
We tried Tripple Berry Cheesecake and Pistachio Ice Cream; Strawberry Ice Cream. It was a complete disappointment for us. Especially the pistachio ice cream was highly praised; we couldn't understand why he was bragging.,negative
Menu was like that. Average business.,positive
Prices too high Turkish coffee 42.5TL Salty cookies weak.,positive
Spacious; clean and comfortable place. Employees concerned. We didn't wait long for the order. It was one of the best lahmacun I've ever eaten. Prices are affordable.,positive
The food is very delicious. I congratulate the value and sincerity of the employees in their work.,positive
The space is comfortable and spacious. The service is fast; the staff is concerned. There are many types of kebab. We ordered shish shish and Adana; the taste is satisfactory. Prices were like market average.,positive
Taste; hygiene; speed;service were all very good. I went for a late dinner; everything was very good.,positive
We came from out of town. Kebab and skewers were great; and the strained yogurt appetizer was delicious; we will definitely come to you next visit.,positive
The staff is very interested and fast; the environment is very nice; the food and appetizers are very tasty.,positive
I liked the kebab and salad; but I can't say the same for their appetizers. It was less in variety; unfortunately; it was unpleasant for those who came. The ambiance was great.,positive
It's delicious and the prices are reasonable. The appetizers are very filling and satisfying.,positive
Three Portions of Adana Kebab on one skewer and 3 drinks for 106 TL. My expectation was higher in terms of taste; but I cannot say that I could fully find this expectation. But the side dishes were not bad.,positive
Highly recommend for a different and delicious experience. Being on the beach is very good as a place. Toilets are clean. No bad odor or irritating.,positive
Everything really appeals to both the eyes and the stomach. They have an incredibly beautiful and varied menu. Prices are reasonable according to the taste; quality and satiety of the menu.,positive
Every meal is a source of happiness at Magro. This time we tried chicken with almond sauce and Mac and cheese bolognese; it was delicious. Portions are very filling and very reasonable for the price.,positive
Magro is a really nice place in terms of design. I ate chicken broth soup; tomato soup; magro burger and grilled sea bass. Presentation; portion and taste are good. However; it is very expensive.Service sucks.,negative
Unique in Alsancak Kordon.. Good food; especially chicken wrap is awesome.,positive
Bad breakfast experince for me.,negative
Everything I ate that in a super menu; was very good. I recommend this place to everyone.,positive
Great service; great food; everything is great!,positive
Nice and beautiful place. The breakfast spread was hearty and good. Prices are normal.,positive
Margarita pizza is pretty good. The atmosphere is also nice. Toilets are very clean.,positive
We came here for the first time; we just tried the doner; it was good; the treats were not bad; the staff was very interested.,positive
Liked.,positive
Good in general. Quality for Kızılay and its surroundings. Lahmacun doesn't taste old...,positive
I go here for the lahmacun; I haven't tried their other dishes; but the lahmacun is very good.,positive
I eat it by putting adana kebab in between the lahmacun. Legend is delicious; try it!,positive
Service is good. Lahmacun was delicious.,positive
Turkish meat doner was good; liked.,positive
"Service, respect, taste literally 10/10.",positive
Definitely a good tripe soup; but I've had much better ones. Very clean place; prices are a bit expensive.,positive
I found the trotter soup I was looking for; it was very nice; thank you. Employees are not friendly.,positive
The trotter soup I drank here is among the top 3 soups I've had in my life. The food of the place is very delicious; the service is impeccable.,positive
The taste is excellent; the portion size is good; the price is a bit expensive.,positive
Amazing!,positive
The business demands money from everything; no treats!,positive
Ankara's oldest and most beautiful soup restourant. Soups with very good hygiene can be eaten and drunk with peace of mind. Service is fast. Prices are a little high.,positive
Clean and decent place. I think it would be better if the soup was hot and fresh if there were bread facilities that came with it.,positive
I tried almost all of the dishes and they are very delicious; but the mushroom saute was a little oily; other than that; everything was delicious and good.. the staff were friendly and very kind.,positive
Portions are big. The flavors are nice. Service is fast. Prices are normal. I recommend.,positive
A successful business. It's pretty good in food. Prices could be a little more reasonable.,positive
The ingredients used in the dishes were of very high quality. Really clean; decent and beautiful place.,positive
The prices are reasonable and the food is delicious... The service staff is very caring and attentive...,positive
Don't be fooled by the menus seen in the pictures. It seems less and smaller. I did not like the business; I do not recommend.,negative
Covered doner kebab pita is also really delicious in lahmacun with cubed cheddar... The attention and care of the employees is extraordinary.,positive
A delicious and clean place.,positive
Reviews are misleading; I definitely do not recommend. Too bad.,negative
Meals were prepared neatly and cleanly. It was a pleasant dining experience in a decent place. Thank you very much.,positive
The appetizer plates were very nice; we were very pleased that we went. We ordered 6 types of appetizers; lahmacun and stuffed meatballs. For dessert; we ordered burma kadayif and künefe.,positive
I ate lahmacun; so it was good.,positive
The service is fast; the employees know the region and the cuisine well. Their lahmacun is very small in portion; the size of a hazelnut lahmacun.,positive
Thank you very much for bringing the flavors of Antakya here.,positive
Nice atmosphere!,positive
The prices are reasonable; the employees are concerned and polite; the flavors are good.,positive
Appetizers were good. The size of the lahmacun was good; Even though I ordered spicy; it came painless.,positive
Great dishes!!,positive
I tried it today. It was a place that I really liked. The appetizers were very good; I got the minced meat kebab; it was very successful. Staff was very attentive and service was fast.,positive
It is a historical place. It is one of the oldest and well-known businesses in Antalya. There are delicious soups; home cooked meals; pita kebabs and doner kebabs. Prices are a little expensive.,positive
The lack of tea in such a high quality and crowded place is a big shortcoming. Waiters didn't care about us.,negative
We can say that trotter soup is good. Rotary medium. Inside the restaurant it was very quiet. The staff is fast.,positive
The ambiance is large and airy. The waiters are attentive and the service is fast. The tomato paste goes well with the trotter. The price is very reasonable.,positive
A nice cozy place. It is easily accessible from all parts of the city. It is very interesting that the restaurant does not have a menu.,positive
Perfect taste; same taste same taste every time I go. It's just that it's very busy; so the employees can't care much and the tea service is closed during the busy time.,positive
Good place. Meals were good. Service is also good. There is parking in front for cars.,positive
Very bad business. We were removed from the table because it was time for iftar.,negative
Thank you for amazing dishes.,positive
The fish served to me was almost raw; I couldn't eat it. A place that does not care about customer satisfaction.,negative
I only liked the soup in the place; the fish It was very tasteless and unsalted. We ate fish bread and the bread was full of lettuce.,negative
A decent place. You can eat as a family. You can eat many kinds of fish as grilled; fried or stewed.,positive
Prices are not expensive; Mersin is a place where you can eat fish comfortably in the city; I recommend the fish soup.,positive
Ambiance is a little bit old; but it is okay.,positive
Great place and fish; thanks to the amazing chefs,positive
Nice fish place; beware of the cats though.,positive
The toilets were very dirty; other than that the food was good.,negative
I like fishes especially in this restourant. I ate sea bass and it was great.,positive
I tried mumbar and stuffed meatballs; their taste was legendary. the environment of the shop was wonderful; the attention of the staff to the customers was good.,positive
Everything was amazing; thank you Yesemek! I ate yuvarlama and mumbar.,positive
As someone who tasted Gaziantep cuisine for the first time; I can say that I was amazed. We ordered 2 different trays in order to taste all their local dishes. One had soups and the other had appetizers. The flavors are delicious. It is definitely my recommendation.,positive
Expensive but it is does not matter; flavors was amazing!,positive
I had a nice dining experience. I tasted the local flavors of Gaziantep; they were good.,positive
"The place is nice; Mumbar was smelling bad and the stone came out, I didn't eat it. The mince in the icli kofte was bad; sour. It's also an expensive restaurant.",negative
They have very good soups and appetizers; including Beyran. Everything was fantastic. Oh my god Gaziantep!,positive
Customer care is very good. We ordered the tasting plates and each one was excellent flavors.,positive
It's a great place in terms of taste. The service is fast and the waiters are friendly. It's a bit expensive in terms of price; but you should definitely come and taste these flavors.,positive
The food was delicious but not as exaggerated in other reviews or did not appeal to my taste. The environment is quite nice. The place was noisy because it was crowded.,positive
Menu was like that; Recommend.,positive
The attitude of the waiters towards the customer was cold.,negative
Service was nice; I've tried everything on the menu over time and it's all very good. Prices are very cheap; you should definitely come.,positive
Soup and tenderloin were delicious. Staff involved. Prices are reasonable.,positive
Excellent food and ambiance.,positive
Soups and pitas are incredibly delicious and the portions are hearty. The staff is very caring and smiling. Prices are reasonable.,positive
Friendly waiters; nice service and delicious food. In addition; the price is also affordable.,positive
Nice pizza!,positive
Everything was delicious. Business personnel were also friendly.,positive
I used to come to this restaurant a lot. The flavors used to be better. I think the chef has changed.,positive
We ordered the village breakfast for 2 people. The ones that came were quite enough and delicious. Also; the ravioli was very good.,positive
The most delicious and sincere place to eat in Fethiye. A small family restaurant. I especially liked the veggie pancakes. I strongly recommend.,positive
Menemen is delicious. Homemade jams are very good. Vegetables were not very fresh.,positive
It does not bad. The best part was if the price wasn't affordable.,negative
The place is very cozy; the food was fresh and good. They served pickles and tea; both were delicious.,positive
Home cooking is not bad in terms of taste. We waited about an hour for the manti to eat. Also; the place is a little small.,positive
Turkish sarma was really tasty; liked it.,positive
Turkish pasty was really tasty.,positive
Credit card is not accepted. The flavors are good.,positive
The sauces are very tasty. People are friendly and the place is very clean.,positive
We ordered the Atom box (70 TL). Only cash payment option is available. They're pretty intense. The flavors are good.,positive
The irresistible taste of chicken; sauce and spice that has been increasing for years.,positive
Definitely the chicken and the side salads are also very tasty. Prices are cheap compared to this kind of touristic place. The place was a little crowded.,positive
Sandwich's souce was pretty tasty.,positive
Super delicious chicken; best in town.,positive
We ordered stuffed mumbar; artichokes; liked and tamarind sherbet. All of them were good in taste; quality of materials and presentation.,positive
It is one of the must-visit places with its menu that changes every day and includes original local delicacies from all over Turkey. The poppy and pistachio kebabs are a must try.,positive
We really liked our orders. There were dishes on the menu that I have never tried in my life; nice variety.,positive
Waiters were not very good.,negative
Famous place; fast service; caring staff; the taste of the sherbet we tried for the first time was legendary.,positive
The variety is plentiful. Pretty clean and decent. They make very good dishes from the southeast of our country.,positive
The waiters are generally very sullen and unhappy. Service is very slow. Nothing extra comes to the table. Even the starter appetizer; which is available in many kebab shops; does not come. Lahmacun was very dry and tasteless.,negative
Everything was excellent. Thank you!,positive
A perfect view; a friendly and sincere service and great tastes...what more could you ask for?,positive
The view is great. This may be its only good feature. Apart from that; they have extremely rude employees.,negative
The food is good. The calamari and seafood are delicious. Nice atmosphere opposite the sea. It would have been better if there was some music playing in the venue.,positive
Yummy; delicious and wonderful.. The view is as beautiful as the food.,positive
We had dinner in a very stylish place with a beautiful view by the sea. The flavors were perfect.,positive
A decent place where you can dine under the trees; accompanied by the moonlight. Employees are friendly.,positive
Be sure to ask for all prices in advance. You'd definitely get charged triple the price and these guys will try to scam you in all possible ways. Including overcharging the market price; charging you for double the weight of the fish & serving you a half the fillet and all the bones to charge you for all that.,negative
The summer part of the place is stylish and pleasant; the view is wonderful. The food and appetizers are delicious. Prices were a little expensive.,positive
Generally good service thank you!,positive
Appetizers are great; the view is great; the place is beautiful; the fish is very fresh and delicious.,positive
Food came late; pasta was cold. The waiters couldn't take care of us from taking care of the takeaway.,negative
The ingredients used in the salad were rotten; I didn't like it at all.,negative
Great chicken; thanks!,positive
The taste is fine; but when you wait for the waiter for 15 minutes to order and wait for the food for 15 minutes after placing the order; the taste is meaningless. Waiters were very indifferent.,negative
Recommend.,positive
Very tasty; I definitely recommend. The reason I gave 4 stars is because the prices are expensive.,positive
We ordered cafe de paris; it was delicious; and the price was 35tl.,positive
Salad was not very fresh.,positive
It was a bit crowded; but it's okay; the flavors were good.,positive
Overall everything was delicious; however; we didn't like the eggplant salad; it was too sour and didn't taste like eggplant at all.,positive
Raki and fish was good thank you it was super.,positive
We went on a Friday and all the tables were full at first. Service; waiters; the ambiance is very nice. The menu was a little expensive.,positive
Excellent service.,positive
I recommend the liver and Cyprus salad; the appetizers are delicious; the price is good according to the place and the service provided.,positive
The smell of the wet wipes was very nice. It's a clean place.,positive
We ate nice fishes; thank you.,positive
Elite; delicious; central; what more? The most preferred dishes we experienced are sole fish skewers; fried anchovies and shrimp-calamari. They also bring fresh lavash if you want. The sole fish was amazing. Food is also a little pricey.,positive
Thanks for the nice service.,positive
Nice salad; it was delicious.,positive
We randomly decided to stop by and have an ice cream; but we tasted the worst ice cream we've ever had in our lives here. I don't know if it was one of the flavors they used; but the products seemed to be out of date.,negative
Have you ever seen a rainbow in these colors?! The 5-year-old boy would draw the umbrella more beautifully; which was said to be made of sugar dough. The cake doesn't even stand up straight. A birthday cake would only be so sloppy.,negative
The pastry is very nice . It is more affordable compared to other places. I highly recommend other products.,positive
It is clean and hygiene rules have been followed. The products are daily and fresh.  It is very rich in diversity. Every product you are looking for is available. You can shop without thinking at all.,positive
Don't order anything at home; they're sending a stale dessert.,negative
I didn't like the atmosphere or the decor either. The lower floor is in front of the highway. Trucks are passing by; you're eating pies. It's not nice and it's expensive. Oh; and there are a lot of beggars.,negative
My and my 3.5-year-old daughter's favorite place is in Samsun; we love the products of this place the most.,positive
They have various and delicious products. Especially the age cakes are very successful. The materials they use in the products are of high quality; the prices are reasonable according to the quality.,positive
You won't regret that the products taste very good; but I've never seen such a bad staff before; definitely don't sit down and drink tea and coffee; take the product and leave; that's the most logical thing.,negative
it is a very nice place for high quality and special tastes; the employees and the owner are very interested and polite; we are going with love.,positive
Chinese salad and spring rolls were okay. I didn't like the veggie noodles very much. The plum sauce of the peking duck was delicious but the presentation was poor.,positive
A place with a nice ambiance and delicious sushi. It may be called expensive; but unfortunately; the taste is not affordable.,positive
The ambiance of the place is nice but the food is not tasty. I don't think I will come again.,negative
When you come to the front of the place; its magnificent exterior design really draws attention and I think it was done very well and I personally liked it very much. The atmosphere is truly magnificent. We tried Chinese food; especially ramen was delicious.,positive
"The atmosphere is nice and the food is delicious. We tried noodles, spring rolls; hot and sour soup and an apple dessert.",positive
Food was a bit salty due to soy sauce. Prices are in line with the market.,positive
I tried peking duck with orange and soy sauce. It had a somewhat offensive odor. Good in terms of taste.,positive
The outside and inside of the restaurant is very well decorated. The ambiance is really nice. We ate sushi; chicken with mushrooms and steamed ravioli. I really liked the sushi and chicken; but I found the ravioli a bit bland.,positive
We ate 3 Bentos and 3 Mixed Noodles. We liked everything we ate; it was very tasty. The service was fast; but it was a bit expensive for your information.,positive
One of the places in Samsun with the most beautiful view and menu. A place where you can enjoy your dessert and coffee to the full while enjoying the sea view in front.,positive
First of all; the service is slow and very late; and there are no crowds. I ordered a bulk profiterole. The portion also had 4 balls the size of nuts; and the chocolate was also tasteless.,negative
Atakum Mado... What a need for another word... The taste;  quality of the products are ala. It is very nice that the service staff is kind; solution-oriented. Especially the sensitivity of the company official; it is very nice to be relevant.,positive
Well; it was very nice; the service was very fast and the prices are reasonable; I recommend delicious food.,positive
I wanted a four-cheese ravioli. It's just that the sauce is nice. Unfortunately; it failed. All of the portions have adapted to the economy; they have shrunk.,negative
My guest and I went for dessert;  we waited 10 minutes to get a menu; we placed orders; and we waited another 20 minutes. Of course; one person couldn't make it to the dozens of tables upstairs to work.,negative
It may be the most friendly service I have ever encountered in my life.  All the employees were very sweet; caring people. the drinks and food were very tasty and fresh. I will definitely come again.,positive
Something strange came out of the ice cream; the teas are stale and boiled; and you have to say an order two or three times; I definitely don't recommend it; it's a pity for your money.,negative
The address of quality. The service should be a little faster.,positive
Love this restaurant; thai style and good taste. Clean and good service.. Recommended !,positive
You can taste different flavors on the menus. It's a bit of an expensive place. The waiters are nice.,positive
Amazing flavors!,positive
Ambiance were pretty good.,positive
The food is very good; the employees are very good and smiling. Prices are very reasonable compared to Asian cuisines. I will come here often.,positive
We’ve had a great dinner at this restaurant. The food was delicious; well prepared and nicely seasoned. I did not know much about Thai cuisine; but I enjoyed the meal very much. Plus the atmosphere of the place is relaxing; staff nice and friendly and prices pretty moderate. Perfect spot to eat out with friends in the center of Istanbul. Would love to come back again!,positive
Although far easts foods suits my taste; Tom Yum soup was very aromatic and different; I didn't like it.,positive
The waiters took care of me. That's why I left the restaurant before I could order.,negative
Egg dish was super salty. Beef with veggies was really good. A bit on the pricier side compared with local Turkish food; but when your Thai GF wants a taste of home; hard to argue over price.,positive
The staff is very nice. The food is quite delicious.,positive
"The environment is nice, the food is delicious, the employees are polite. We ate meatballs in İnegöl. the manti were great.",positive
It's an expensive restaurant.,negative
I especially recommend wedding soup; stuffed meatballs; manti and Inegöl meatballs.,positive
Local dishes and soups are nice.,positive
The place is beautiful; the food sucks. Also expensive.,positive
We came because the comments were good; we did not regret it. I recommend the beef tenderloin. Home baklava is also very tasty; prices are reasonable.,positive
Delicious food; but their toilets are filthy. That's why I'm deducting points.,negative
Famous and delicious meatballs.,positive
The food is delicious; but we waited 1 hour after ordering and we were extremely hungry.,negative
I ate Hünkar Begendi and cherry pudding. Both were legends. The meat of Hünkar Begendi was tender.,positive
It has been wonderfully designed in its new location in Karaköy. It's gorgeous inside. Soundproofing I guess. The waiters are very interested and approaching with a smile. The appetizers and great service were very successful. Thanks.,positive
A classy place in Karaköy with its white cloth and good service. Liver lovers should definitely try the liver pan.,positive
The location is nice; the menus are varied; the appetizers are delicious; the prices are a little high.,positive
Excellent appetizers; great atmosphere; acceptable prices.,positive
Awesome place!,positive
We were not satisfied with the service at all. I ordered wine and it came with a little bit of wine in a regular glass.,negative
Yummy yummy! Delicious!,positive
The treats and the food were really delicious; each of them was not one of those places that would cause you to come to the place and leave unhappy.,positive
We came up with the suggestion; everything was very nice.Especially Koksal; who was in the safe; was so interested. Thank you so much for everything.,positive
The parking area is large; valet service is offered. The welcome at the entrance is good. Attention should be paid to order and cleanliness.,negative
The employees are friendly. The prices are also very reasonable according to the food provided. I can call it the first choice in Samsun.,positive
The place is quite big; the employees are interested and friendly; this is 2.development 5 skewers and buttermilk cost 105 tl I liked the price as appropriate.,positive
Its breakfast is really very good. I would like to especially point out that you do not need to go to Cakalli for Menemen; you can eat the most delicious here. I really like the fried egg too.,positive
They've reduced the menus so much that you can't get enough. The service was over.,negative
The staff is extremely interested; the taste is already a very good place. It is recommended.,positive
The food wasn't bad; we got tired of constantly asking for lavash bread; the liver; until the bread came to the table it became like ice.,negative
It is a great place for Samsun. The taste; the treats; the semolina dessert with ice cream that comes after the meal; the variety of the menu; the attention and politeness of the waiters are very good.,positive
It's delicious; fast and has friendly staff. Although the price seems a little expensive; it meets this with unlimited tea; dessert service and appetizers.,positive
The place is nice; the employees are good. The food is delicious but the human pilfering for extra charge caused me to give it 1 point.,negative
Congratulations; everything was very nice and attentive. The treats were too much for the number of people. Cacik is given in aspava in Ankara; this can also be included in the treats; I can say this in addition.,positive
The prices were in the 120-140 range. I didn't like Lahmacun. The appetizers were nice.,negative
Every time I go; the prices change; I don't like it. But even for the treats; you can go; which comes as many appetizers; tea; etc. as you want.,positive
The sauces and uncooked meats of the dishes give the impression of a meal prepared in the mall and not in a kebab restaurant.,negative
Very; very expensive extravagant prices. One lahmacun is 85 TL. They charge 25 TL for a glass of buttermilk. All the intertwined tables are almost adjacent.,negative
I ate closed doner pita pita were very tasty. Iskender was beautiful. There is a playground for children. Great on treats.,positive
Prices are reasonable; foods were delicious.,positive
"The place was full of flies and one of them fell into my food. When I asked for my meal to be changed,; they refused.",negative
The atmosphere was spacious and the waiters were nice. The meals were very delicious... the prices were reasonable; but the portions were small.,positive
The food is super delicious; I especially recommend the fig dessert. Service personnel interest and hygiene were also high.,positive
The meals were delicious. Service is fast; transportation is easy; staff is friendly. Prices are quite reasonable.,positive
The waiters are scruffy so we didn't feel comfortable eating. The hygiene of the place was also bad.,negative
Great ambiance!,positive
Salad was great; appetizers were good. The degree of cooking of the meat was good. Also the toilets were very clean.,positive
The satisfying menu of local dishes; the taste of the food and the interest of the employees are very good. The advantage is that it is on the road and has its own parking lot.,positive
Everything was excellent; especially sea foods!,positive
Bosphorus Salad; Shrimp Cizlama were really successful. Orders came to my table quickly.,positive
I am a regular at this place; and I love it as a family The food is fantastic; the fish are great!,positive
Clean place; the service is good; Prices are not very cheap. generally the Arabs are leaving; locals are also present. Service is fast.,positive
Portions were quite adequate. Along with your meal comes multiple and delicious appetizers. Seasonal salad was also delicious; vegetables were fresh.,positive
A restaurant where you can eat amazing seafood in a great atmosphere in Bursa. Its taste will really surprise you. I would like to remind you that there is no Alcohol in the restaurant. Bon appetit now!,positive
Expensive place.,negative
The environment is decent; the service is fast and clean. The interior is spacious; the waiters are knowledgeable and respectful.,positive
The assortment is exceptionally good. Fish and accompanying appetizers are very diverse and sufficient. Everything was fresh.,positive
The place was nice; but be aware of an expensive place.,positive
The flavors are still fabulous; Prices may change according to the conditions of the day. But the taste is always great.,positive
Their desserts were really good and tasty but the prices were high.,positive
We ate an excellent baklava. But the price wasn't perfect.,positive
The waiters were extremely indifferent. We asked for peanuts to taste and they added it to the account. However; the head office was very good.,negative
The staff; the dessert; the place; the ambiance; everything is very nice. It was the best baklava I have ever eaten in my life!,positive
Nice ambiance; tasty and crispy baklava and sobiyet.,positive
Great and tasty baklava!,positive
They even charge for treats!,negative
Even though we went late; the desserts were still fresh and delicious. The employees were also very warm and interested.,positive
It's a women-only business. Staff and service are fine. Ambiance and design was good. Food options were few.,positive
There are only female employees. The food is great; the price is quite reasonable and the place is very clean.,positive
There is little variety of food on the menu. Also; the food on the menu is not very tasty.,negative
I think the flavors of the place are overrated. Prices are also normal.,negative
First of all; everything on the menu we tasted was quite delicious. The service was fast; the employees were very friendly.,positive
Delicious!,positive
A decent place where you can taste local dishes in Cappadocia. You can even go just to try the stuffed zucchini flowers.,positive
It is a business that has exactly price performance products. You are eating home-cooked meals in a quiet; spacious and decent place with the service of friendly ladies.,positive
If you want to eat delicious home-cooked meals at an affordable price; definitely stop by during your visit to Cappadocia. The employees are kind and concerned. The environment is nice.,positive
Service was great. Recommend and thank you!,positive
Treats are good; but I did not find the menu very extensive.,positive
Very bad customer satisfaction. The prices are so insane.,negative
A good kebab place. The meat is very good; tasty; the meat is well cooked. The treats are sufficient and tasty.,positive
It was delicious. Interest and kindness are good. But it was expensive.,positive
The attention of the waiters to us was very nice. In addition; it felt pleasant to eat the hot meats.,positive
Staff greeted with a smile at the door. The atmosphere was very nice. Delicious appetizers arrived before the meal.,positive
Everyone is smilingİ the food is delicious. Great place; I recommend it.,positive
The treats weren't enough. Also; as you can see in the photo; my food came a little burnt.,negative
Thank you for providing quality service in a luxury venue.,positive
Great service and reasonable prices. Recommend!,positive
We ordered a mixed breakfast for 3 people and they brought it for 2 people. Service quality is very low.,negative
Interest in Turkish customers was very low. All waiters were taking care of arab customers.,negative
Location view is great. We ate meatballs and kuymak; it was nice. We thought that the dessert and samovar that followed was a treat; but I guess it wasn't.,positive
We came across a slightly expensive menu with a magical view overlooking the lake and the Black Sea.,positive
The view is beautiful. The food was very bad.,negative
A restaurant with a beautiful view. It was nice to have breakfast with this view. The only problem was that the place was a little dirty.,positive
Service is fast and friendly. Breakfast for 3 people is 140 TL; so prices are reasonable.,positive
Nice foods; nice interest!,positive
Its meatballs were good. What they served on the side was also good.,positive
We encountered a unique presentation. The prices are a little higher than the standard; but when you see the presentation and the quality of the food; you realize it's worth it.,positive
Perfect; a relaxing space. Quality and delicious food.,positive
The products are good but quite expensive. The place is more interested in tourists.,positive
The venue is the track and they didn't care about me.,negative
All the food that came to the table was very high quality and delicious. I recommend it to everyone.,positive
Affordable prices. Recommend.,positive
You can find different tastes. It is open until late at night and serves with nice service.,positive
A must try place. It is possible to become addicted afterward.,positive
Hamburger buns are fresh; The patties are soft and delicious. Their special sauces are delicious; It adds a nice flavor to the burger.,positive
The hamburger patty is very small; but it is very tasty and different with its unique sauce and bread. It was not pleasant that there were no potatoes in the menu.,positive
The hamburger patties and sauce were very good. I think their mayonnaise is fabricated mayonnaise; It would be tastier if they made it themselves.,positive
Really delicious burgers. The ketchup sauce they make is excellent. The point I want to criticize is the low grammage of the hamburger.,positive
Really delicious burger. I would recommend it to everyone. Thanks to the smiling staff.,positive
The popular boutique burger restaurant of the street. bread; sauce and meatballs are very nice. Thank you.,positive
We tried the Rib Burger and the Cheese Burger. They put cheddar cheese in the burger instead of cheddar. This idea seemed a little different to me. The sauce inside the ribs is a little sweet. It's a different flavor.,positive
Burgers and fries were delicious. Burger meat came well cooked; I suggest you eat it medium cooked. The sauces are quite different and nice; you should definitely try it.,positive
Too expensive; I can cook better. Also; ambiance of the restaurant is old.,negative
My order was missing sauce; missing desert; missing onion rings; fries were cold and stale; fried legs were stale. What a disgrace!,negative
They got my order wrong and got into an argument with me. You are disgusting! Terrible service; mismanagement.,negative
Food should have been better cooked I think overall not bad.,positive
Everything is delicious; there is a lot and at a good price. Service was nice.,positive
The taste is not bad in general; but you can eat better ones in other restaurants.,positive
No management; food is cold and bad quality; no ice in coke. Not happy at all. I recommend either change the airport manager or close that branch. Definitely bad service.,negative
Classical chicken; not awesome taste but it is ok.,positive
I couldn't finish my meal .Bad smell and bad taste. It seems that the chicken is spoiled. I don't know what to say; but you should not eat in this place. I feel bad because I decided to eat from them.,negative
Delicious and reasonably priced!,positive
The waiters are polite and very interested. The place consists of two concepts; you can eat standing or sitting. The flavors were perfect.,negative
Pasta was fresh. There is always a long queue in front of the place. I ate fettuccine Alfredo; The sauce and flavor were good.,positive
It was served quickly even though it was crowded. It is not a great taste; but it can be preferred for a quick snack.,positive
There are many queues. There is a lack of coordination in the place. Even though you ask for service; they take the bill as soon as the food arrives. Not everyone can eat sitting down; We ate standing.,negative
A delicious masterpiece comes out when it is made in a Parmesan wheel; made with fresh pasta dough by hand; and with its beautiful sauces. The price is also quite reasonable.,positive
Personally; it's very nice Pasta is made; I tried most of the sauces; they were all very good.,positive
It's a very sweet place. Thanks to social media; I learned from there and came. Pasta wasn't bad. In terms of taste; I think it is no different from normal pasta with sauce. The employees are very kind. Order speed is very good. Also; prices are affordable.,positive
Incredibly delicious and fresh; fast service and use of environmentally friendly materials..,positive
Pasta is made there; orders are taken and served. All of them are prepared in one place in 20-25 minutes. The taste is good; the service is good and hygienic; I think it is a taste and culture that should be visited and tasted.,positive
We went for dessert; but there are also food and breakfast options. It's not a huge venue and it gets pretty busy. We ate moblan; ibiza; strawberry puff pastry desserts. Moblan comes in huge portions. Desserts are very tasty and fresh.,positive
Kukis is a great business that is both a bakery and a patisserie. Their cakes and tea are outstanding.,positive
Reasonable prices and amazing deserts.,positive
The cake was amazing. I recommend it. For those who want to sit and eat there; a big queue is waiting for you.,positive
Service is fast. Pistachio prince dessert is excellent!,positive
The portion of toast was small; never satiated. Desserts were good.,positive
Great tastes; the interest of the employees was very good; thank you to them.,positive
If you want to eat cake or dessert; the real taste is here. The place is very stylish in design. Each of the employees is very caring and helpful; but they have difficulty dealing with everyone because it is crowded.,positive
Great venue great food appetizers. I can be a customer from now on.,positive
The meals are very good. Especially plevlevisca; soka and dried meat are very successful.,positive
I did not like the interior atmosphere; seems a little old to me.,negative
The place is quite intimate and the ambiance is very pleasant. Simplicity prevails rather than exaggeration and ostentatiousness.,positive
I recommend you try the dried meat. But their beers were a bit expensive.,positive
All meals were successful; I recommend.,positive
Lipa is a real old style tavern. There is a warm friendly atmosphere. Dry meat was very good.,positive
The atmosphere of the place is very good; the bulgur pilaf with dried meat was very good; the quality of the dried meat is a little low.,positive
The variety is less. Rice and dry meat are very good. The ravioli was not good.,positive
Beautiful; cute; stylish and delicious food. It's a bit sad that it is used more like a restaurant than a book cafe; as it turns into a restaurant at a certain time of the evening; so they took us to a place in the back.,positive
A very well designed cafe; The library looks very stylish. The menu is as you can see in the photo.,positive
Nice and fresh ambiance.,positive
Flat white is very tasty and affordable. The interior of the place is very nicely decorated; I was like amazed.,positive
Interior and location are nice; but not as nice as other restaurant of the same company. We bought a strawberry brownie cake; my friend and I both had a bad stomach.,negative
We went a few times for breakfast; we were quite satisfied. The place is really nicely decorated. Breakfast for two was understated and good. The service was smooth and the waiters were kind.,positive
We preferred milkshake and smoothie. Chocolate sauce added to the blueberry milkshake. The smoothie is also unrelated to the smoothie; it was quite sour; so it was not fresh.,negative
A cafe where books and coffee are combined very well.,positive
Ambience is very nice but they don't let you work at the outside tables; that is a negative point.,positive
The place is not very big; but there are enough tables outside as well; but we sat inside. The souffles from the name of the place were very nice.,positive
This café was highly recommended by an Istanbul-based blogger for its soufflés. The unique 2D interiors and decorations caught my eye as soon as I entered. I opted for the Chocolate with Orange soufflé; while my husband chose the Chocolate with Blueberries. I must say; the taste was absolutely amazing.,positive
This is one of my favorite cafes in Istanbul. As you can see on the menu; the soufflés are about 100 TL; the drinks could be more appropriate.,positive
Tasty; delicious soufflés!,positive
There was a queue and the cafe was small. So you have to be willing to wait in line. But it was still a good experience for us. The soufflé was very sugary and after eating a little bit of mister. The gifts given were also very sweet and took us back to our childhood.,positive
It's a very small and elegant place; its decor attracted me as I passed by. This cafe specializes in souffles of various flavors and the service they have is excellent and the staff are welcoming and cheerful.,positive
I ordered the banana & white chocolate souffle. It was a little small but very tasty. They serve it with ice cream. The staff is also very polite and smiling.,positive
It was worth getting up and going from Beylikduzu. Atmosphere 10/10,positive
This is one of the best sufles I’ve ever eaten. Although it was package service; I like the presentation; taste and texture of the chocolate. Thank you Suflor Team! ,positive
As a doner lover; it met my expectations in terms of price; taste and service. It is sure to increase the flavor in wood fire.,positive
High aroma. It is cooked completely on wood fire and without gas fueling. It turns very well.,positive
Seriously cheap and affordable price for those who want to eat delicious meat doner kebab.,positive
Price performance was satisfactory. Although it was wood fired it could have been better. Maybe doner can be asked to be a little more cooked.,positive
The hygiene of the place was not very good.,negative
Its wood-fired doner kebab tastes different; it's one of the best doner meats in this area; and it's affordable; too. Congratulations to the business. I will visit once again.,positive
Definitely do not go without a reservation; it was overcrowded. We ate very delicious pizzas; but waiting in line for 1 hour didn't make any sense.,negative
I don't understand why people wait so long to eat an average pizza.,negative
The dough and zucchini of the pizza were very well cooked. The place was a little noisy.,positive
You can definitely eat the best pizza in Istanbul here. The location is very nice. A good place both in terms of variety and taste. But the prices are quite high; Be careful.,positive
Best pizza in the area; very crowded in weekends.,positive
The quality of the pizzas was worse than before. They made me wait for a while even though the tables were empty.,negative
There are so many types of pizza; you are surprised which one you want to taste. I found it very successful in terms of taste. Atmosphere and service was good.,positive
I tried the smoked ribeye pizza; the dough is thin and very tasty.,positive
Excellent pizza and fine wine. Both food and beverage portions are large. I recommend.,positive
